{"e": {"cap-shape": {"x": {"is_true": 1948, "count all": 4208, "probability": 0.4629277566539924}, "f": {"is_true": 1596, "count all": 4208, "probability": 0.37927756653992395}, "b": {"is_true": 404, "count all": 4208, "probability": 0.09600760456273764}, "k": {"is_true": 228, "count all": 4208, "probability": 0.05418250950570342}, "s": {"is_true": 32, "count all": 4208, "probability": 0.0076045627376425855}}, "cap-surface": {"f": {"is_true": 1560, "count all": 4208, "probability": 0.37072243346007605}, "y": {"is_true": 1504, "count all": 4208, "probability": 0.3574144486692015}, "s": {"is_true": 1144, "count all": 4208, "probability": 0.2718631178707224}}, "cap-color": {"n": {"is_true": 1264, "count all": 4208, "probability": 0.30038022813688214}, "g": {"is_true": 1032, "count all": 4208, "probability": 0.24524714828897337}, "w": {"is_true": 720, "count all": 4208, "probability": 0.17110266159695817}, "e": {"is_true": 624, "count all": 4208, "probability": 0.1482889733840304}, "y": {"is_true": 400, "count all": 4208, "probability": 0.09505703422053231}, "p": {"is_true": 56, "count all": 4208, "probability": 0.013307984790874524}, "b": {"is_true": 48, "count all": 4208, "probability": 0.011406844106463879}, "c": {"is_true": 32, "count all": 4208, "probability": 0.0076045627376425855}, "u": {"is_true": 16, "count all": 4208, "probability": 0.0038022813688212928}, "r": {"is_true": 16, "count all": 4208, "probability": 0.0038022813688212928}}, "bruises": {"t": {"is_true": 2752, "count all": 4208, "probability": 0.6539923954372624}, "f": {"is_true": 1456, "count all": 4208, "probability": 0.34600760456273766}}, "odor": {"n": {"is_true": 3408, "count all": 4208, "probability": 0.8098859315589354}, "a": {"is_true": 400, "count all": 4208, "probability": 0.09505703422053231}, "l": {"is_true": 400, "count all": 4208, "probability": 0.09505703422053231}}, "gill-attachment": {"f": {"is_true": 4016, "count all": 4208, "probability": 0.9543726235741445}, "a": {"is_true": 192, "count all": 4208, "probability": 0.045627376425855515}}, "gill-spacing": {"c": {"is_true": 3008, "count all": 4208, "probability": 0.714828897338403}, "w": {"is_true": 1200, "count all": 4208, "probability": 0.28517110266159695}}, "gill-size": {"b": {"is_true": 3920, "count all": 4208, "probability": 0.9315589353612167}, "n": {"is_true": 288, "count all": 4208, "probability": 0.06844106463878327}}, "gill-color": {"w": {"is_true": 956, "count all": 4208, "probability": 0.22718631178707224}, "n": {"is_true": 936, "count all": 4208, "probability": 0.2224334600760456}, "p": {"is_true": 852, "count all": 4208, "probability": 0.20247148288973385}, "u": {"is_true": 444, "count all": 4208, "probability": 0.10551330798479087}, "k": {"is_true": 344, "count all": 4208, "probability": 0.0817490494296578}, "g": {"is_true": 248, "count all": 4208, "probability": 0.058935361216730035}, "h": {"is_true": 204, "count all": 4208, "probability": 0.04847908745247148}, "e": {"is_true": 96, "count all": 4208, "probability": 0.022813688212927757}, "y": {"is_true": 64, "count all": 4208, "probability": 0.015209125475285171}, "o": {"is_true": 64, "count all": 4208, "probability": 0.015209125475285171}}, "stalk-shape": {"t": {"is_true": 2592, "count all": 4208, "probability": 0.6159695817490495}, "e": {"is_true": 1616, "count all": 4208, "probability": 0.3840304182509506}}, "stalk-root": {"b": {"is_true": 1920, "count all": 4208, "probability": 0.45627376425855515}, "e": {"is_true": 864, "count all": 4208, "probability": 0.20532319391634982}, "?": {"is_true": 720, "count all": 4208, "probability": 0.17110266159695817}, "c": {"is_true": 512, "count all": 4208, "probability": 0.12167300380228137}, "r": {"is_true": 192, "count all": 4208, "probability": 0.045627376425855515}}, "stalk-surface-above-ring": {"s": {"is_true": 3640, "count all": 4208, "probability": 0.8650190114068441}, "f": {"is_true": 408, "count all": 4208, "probability": 0.09695817490494296}, "k": {"is_true": 144, "count all": 4208, "probability": 0.034220532319391636}, "y": {"is_true": 16, "count all": 4208, "probability": 0.0038022813688212928}}, "stalk-surface-below-ring": {"s": {"is_true": 3400, "count all": 4208, "probability": 0.8079847908745247}, "f": {"is_true": 456, "count all": 4208, "probability": 0.10836501901140684}, "y": {"is_true": 208, "count all": 4208, "probability": 0.049429657794676805}, "k": {"is_true": 144, "count all": 4208, "probability": 0.034220532319391636}}, "stalk-color-above-ring": {"w": {"is_true": 2752, "count all": 4208, "probability": 0.6539923954372624}, "g": {"is_true": 576, "count all": 4208, "probability": 0.13688212927756654}, "p": {"is_true": 576, "count all": 4208, "probability": 0.13688212927756654}, "o": {"is_true": 192, "count all": 4208, "probability": 0.045627376425855515}, "e": {"is_true": 96, "count all": 4208, "probability": 0.022813688212927757}, "n": {"is_true": 16, "count all": 4208, "probability": 0.0038022813688212928}}, "stalk-color-below-ring": {"w": {"is_true": 2704, "count all": 4208, "probability": 0.6425855513307985}, "p": {"is_true": 576, "count all": 4208, "probability": 0.13688212927756654}, "g": {"is_true": 576, "count all": 4208, "probability": 0.13688212927756654}, "o": {"is_true": 192, "count all": 4208, "probability": 0.045627376425855515}, "e": {"is_true": 96, "count all": 4208, "probability": 0.022813688212927757}, "n": {"is_true": 64, "count all": 4208, "probability": 0.015209125475285171}}, "veil-type": {"p": {"is_true": 4208, "count all": 4208, "probability": 1.0}}, "veil-color": {"w": {"is_true": 4016, "count all": 4208, "probability": 0.9543726235741445}, "n": {"is_true": 96, "count all": 4208, "probability": 0.022813688212927757}, "o": {"is_true": 96, "count all": 4208, "probability": 0.022813688212927757}}, "ring-number": {"o": {"is_true": 3680, "count all": 4208, "probability": 0.8745247148288974}, "t": {"is_true": 528, "count all": 4208, "probability": 0.12547528517110265}}, "ring-type": {"p": {"is_true": 3152, "count all": 4208, "probability": 0.7490494296577946}, "e": {"is_true": 1008, "count all": 4208, "probability": 0.23954372623574144}, "f": {"is_true": 48, "count all": 4208, "probability": 0.011406844106463879}}, "spore-print-color": {"n": {"is_true": 1744, "count all": 4208, "probability": 0.4144486692015209}, "k": {"is_true": 1648, "count all": 4208, "probability": 0.3916349809885932}, "w": {"is_true": 576, "count all": 4208, "probability": 0.13688212927756654}, "u": {"is_true": 48, "count all": 4208, "probability": 0.011406844106463879}, "h": {"is_true": 48, "count all": 4208, "probability": 0.011406844106463879}, "o": {"is_true": 48, "count all": 4208, "probability": 0.011406844106463879}, "y": {"is_true": 48, "count all": 4208, "probability": 0.011406844106463879}, "b": {"is_true": 48, "count all": 4208, "probability": 0.011406844106463879}}, "population": {"v": {"is_true": 1192, "count all": 4208, "probability": 0.2832699619771863}, "y": {"is_true": 1064, "count all": 4208, "probability": 0.25285171102661597}, "s": {"is_true": 880, "count all": 4208, "probability": 0.20912547528517111}, "n": {"is_true": 400, "count all": 4208, "probability": 0.09505703422053231}, "a": {"is_true": 384, "count all": 4208, "probability": 0.09125475285171103}, "c": {"is_true": 288, "count all": 4208, "probability": 0.06844106463878327}}, "habitat": {"d": {"is_true": 1880, "count all": 4208, "probability": 0.4467680608365019}, "g": {"is_true": 1408, "count all": 4208, "probability": 0.33460076045627374}, "m": {"is_true": 256, "count all": 4208, "probability": 0.060836501901140684}, "l": {"is_true": 240, "count all": 4208, "probability": 0.057034220532319393}, "w": {"is_true": 192, "count all": 4208, "probability": 0.045627376425855515}, "p": {"is_true": 136, "count all": 4208, "probability": 0.03231939163498099}, "u": {"is_true": 96, "count all": 4208, "probability": 0.022813688212927757}}}, "p": {"cap-shape": {"x": {"is_true": 1708, "count all": 3916,